RecordNumber,EventRecordId,TimeCreated,EventId,Level,Provider,Channel,ProcessId,ThreadId,Computer,ChunkNumber,UserId,MapDescription,UserName,RemoteHost,PayloadData1,PayloadData2,PayloadData3,PayloadData4,PayloadData5,PayloadData6,ExecutableInfo,HiddenRecord,SourceFile,Keywords,ExtraDataOffset,Payload
1,576,1996-04-18 17:00:00.0213992,4104,Verbose,Microsoft-Windows-PowerShell,Microsoft-Windows-PowerShell/Operational,3508,3644,DESKTOP-18VQM18,0,S-1-5-21-2499541837-3295018831-3194739457-1002,Contains contents of scripts run,,,"Path: ",ScriptBlockText: prompt,,,,,,False,c:\temp\5ac70fd089532de4e31b38d8a32d8c18_flash.evtx,0x0,0,"{""EventData"":{""Data"":[{""@Name"":""MessageNumber"",""#text"":""1""},{""@Name"":""MessageTotal"",""#text"":""1""},{""@Name"":""ScriptBlockText"",""#text"":""prompt""},{""@Name"":""ScriptBlockId"",""#text"":""56460735-92dd-46f4-98f5-9de167c6ceb5""},{""@Name"":""Path""}]}}"
2,577,1996-04-18 17:00:05.1107174,4104,Verbose,Microsoft-Windows-PowerShell,Microsoft-Windows-PowerShell/Operational,3508,3644,DESKTOP-18VQM18,0,S-1-5-21-2499541837-3295018831-3194739457-1002,Contains contents of scripts run,,,"Path: ","ScriptBlockText: for ($i = 0; $i -lt 30; $i ++){, invoke-expression ""write-output 'health check $i OK - $(get-date)'"", }",,,,,,False,c:\temp\5ac70fd089532de4e31b38d8a32d8c18_flash.evtx,0x0,0,"{""EventData"":{""Data"":[{""@Name"":""MessageNumber"",""#text"":""1""},{""@Name"":""MessageTotal"",""#text"":""1""},{""@Name"":""ScriptBlockText"",""#text"":""for ($i = 0; $i -lt 30; $i ++){, invoke-expression \""write-output 'health check $i OK - $(get-date)'\"", }""},{""@Name"":""ScriptBlockId"",""#text"":""be865a6b-b2ba-4ac4-8546-fec109dc5f08""},{""@Name"":""Path""}]}}"
3,578,1996-04-18 17:00:05.1283344,4104,Verbose,Microsoft-Windows-PowerShell,Microsoft-Windows-PowerShell/Operational,3508,3644,DESKTOP-18VQM18,0,S-1-5-21-2499541837-3295018831-3194739457-1002,Contains contents of scripts run,,,"Path: ",ScriptBlockText: write-output 'health check 0 OK - 04/18/1996 13:00:05',,,,,,False,c:\temp\5ac70fd089532de4e31b38d8a32d8c18_flash.evtx,0x0,0,"{""EventData"":{""Data"":[{""@Name"":""MessageNumber"",""#text"":""1""},{""@Name"":""MessageTotal"",""#text"":""1""},{""@Name"":""ScriptBlockText"",""#text"":""write-output 'health check 0 OK - 04/18/1996 13:00:05'""},{""@Name"":""ScriptBlockId"",""#text"":""bc6c4751-2b7b-4feb-b393-f059f64950bd""},{""@Name"":""Path""}]}}"
4,579,1996-04-18 17:00:05.1504943,4104,Verbose,Microsoft-Windows-PowerShell,Microsoft-Windows-PowerShell/Operational,3508,3644,DESKTOP-18VQM18,0,S-1-5-21-2499541837-3295018831-3194739457-1002,Contains contents of scripts run,,,"Path: ",ScriptBlockText: write-output 'health check 1 OK - 04/18/1996 13:00:05',,,,,,False,c:\temp\5ac70fd089532de4e31b38d8a32d8c18_flash.evtx,0x0,0,"{""EventData"":{""Data"":[{""@Name"":""MessageNumber"",""#text"":""1""},{""@Name"":""MessageTotal"",""#text"":""1""},{""@Name"":""ScriptBlockText"",""#text"":""write-output 'health check 1 OK - 04/18/1996 13:00:05'""},{""@Name"":""ScriptBlockId"",""#text"":""da8e799a-8b14-4d2e-ac73-76f1b0276044""},{""@Name"":""Path""}]}}"
5,580,1996-04-18 17:00:05.1690879,4104,Verbose,Microsoft-Windows-PowerShell,Microsoft-Windows-PowerShell/Operational,3508,3644,DESKTOP-18VQM18,0,S-1-5-21-2499541837-3295018831-3194739457-1002,Contains contents of scripts run,,,"Path: ",ScriptBlockText: write-output 'health check 2 OK - 04/18/1996 13:00:05',,,,,,False,c:\temp\5ac70fd089532de4e31b38d8a32d8c18_flash.evtx,0x0,0,"{""EventData"":{""Data"":[{""@Name"":""MessageNumber"",""#text"":""1""},{""@Name"":""MessageTotal"",""#text"":""1""},{""@Name"":""ScriptBlockText"",""#text"":""write-output 'health check 2 OK - 04/18/1996 13:00:05'""},{""@Name"":""ScriptBlockId"",""#text"":""f2d22e7e-62b6-43a8-905f-b757dd678d4c""},{""@Name"":""Path""}]}}"
6,581,1996-04-18 17:00:05.1904176,4104,Verbose,Microsoft-Windows-PowerShell,Microsoft-Windows-PowerShell/Operational,3508,3644,DESKTOP-18VQM18,0,S-1-5-21-2499541837-3295018831-3194739457-1002,Contains contents of scripts run,,,"Path: ",ScriptBlockText: write-output 'health check 3 OK - 04/18/1996 13:00:05',,,,,,False,c:\temp\5ac70fd089532de4e31b38d8a32d8c18_flash.evtx,0x0,0,"{""EventData"":{""Data"":[{""@Name"":""MessageNumber"",""#text"":""1""},{""@Name"":""MessageTotal"",""#text"":""1""},{""@Name"":""ScriptBlockText"",""#text"":""write-output 'health check 3 OK - 04/18/1996 13:00:05'""},{""@Name"":""ScriptBlockId"",""#text"":""17951c8f-b154-48d3-b26d-ac51cf328f82""},{""@Name"":""Path""}]}}"
7,582,1996-04-18 17:00:05.2107438,4104,Verbose,Microsoft-Windows-PowerShell,Microsoft-Windows-PowerShell/Operational,3508,3644,DESKTOP-18VQM18,0,S-1-5-21-2499541837-3295018831-3194739457-1002,Contains contents of scripts run,,,"Path: ",ScriptBlockText: write-output 'health check 4 OK - 04/18/1996 13:00:05',,,,,,False,c:\temp\5ac70fd089532de4e31b38d8a32d8c18_flash.evtx,0x0,0,"{""EventData"":{""Data"":[{""@Name"":""MessageNumber"",""#text"":""1""},{""@Name"":""MessageTotal"",""#text"":""1""},{""@Name"":""ScriptBlockText"",""#text"":""write-output 'health check 4 OK - 04/18/1996 13:00:05'""},{""@Name"":""ScriptBlockId"",""#text"":""6db4b108-d153-4794-9978-b72f9a72526b""},{""@Name"":""Path""}]}}"
8,583,1996-04-18 17:00:05.2306225,4104,Verbose,Microsoft-Windows-PowerShell,Microsoft-Windows-PowerShell/Operational,3508,3644,DESKTOP-18VQM18,0,S-1-5-21-2499541837-3295018831-3194739457-1002,Contains contents of scripts run,,,"Path: ",ScriptBlockText: write-output 'health check 5 OK - 04/18/1996 13:00:05',,,,,,False,c:\temp\5ac70fd089532de4e31b38d8a32d8c18_flash.evtx,0x0,0,"{""EventData"":{""Data"":[{""@Name"":""MessageNumber"",""#text"":""1""},{""@Name"":""MessageTotal"",""#text"":""1""},{""@Name"":""ScriptBlockText"",""#text"":""write-output 'health check 5 OK - 04/18/1996 13:00:05'""},{""@Name"":""ScriptBlockId"",""#text"":""f648359c-4ed2-4c38-9da1-2a7d63a688f3""},{""@Name"":""Path""}]}}"
9,584,1996-04-18 17:00:05.2462038,4104,Verbose,Microsoft-Windows-PowerShell,Microsoft-Windows-PowerShell/Operational,3508,3644,DESKTOP-18VQM18,0,S-1-5-21-2499541837-3295018831-3194739457-1002,Contains contents of scripts run,,,"Path: ",ScriptBlockText: write-output 'health check 6 OK - 04/18/1996 13:00:05',,,,,,False,c:\temp\5ac70fd089532de4e31b38d8a32d8c18_flash.evtx,0x0,0,"{""EventData"":{""Data"":[{""@Name"":""MessageNumber"",""#text"":""1""},{""@Name"":""MessageTotal"",""#text"":""1""},{""@Name"":""ScriptBlockText"",""#text"":""write-output 'health check 6 OK - 04/18/1996 13:00:05'""},{""@Name"":""ScriptBlockId"",""#text"":""1a847694-f8f9-4609-9f59-fa868e6c96f0""},{""@Name"":""Path""}]}}"
10,585,1996-04-18 17:00:05.2602263,4104,Verbose,Microsoft-Windows-PowerShell,Microsoft-Windows-PowerShell/Operational,3508,3644,DESKTOP-18VQM18,0,S-1-5-21-2499541837-3295018831-3194739457-1002,Contains contents of scripts run,,,"Path: ",ScriptBlockText: write-output 'health check 7 OK - 04/18/1996 13:00:05',,,,,,False,c:\temp\5ac70fd089532de4e31b38d8a32d8c18_flash.evtx,0x0,0,"{""EventData"":{""Data"":[{""@Name"":""MessageNumber"",""#text"":""1""},{""@Name"":""MessageTotal"",""#text"":""1""},{""@Name"":""ScriptBlockText"",""#text"":""write-output 'health check 7 OK - 04/18/1996 13:00:05'""},{""@Name"":""ScriptBlockId"",""#text"":""3392f07d-755a-4d6a-a957-6aa72005498e""},{""@Name"":""Path""}]}}"
11,586,1996-04-18 17:00:05.2803337,4104,Verbose,Microsoft-Windows-PowerShell,Microsoft-Windows-PowerShell/Operational,3508,3644,DESKTOP-18VQM18,0,S-1-5-21-2499541837-3295018831-3194739457-1002,Contains contents of scripts run,,,"Path: ",ScriptBlockText: write-output 'health check 8 OK - 04/18/1996 13:00:05',,,,,,False,c:\temp\5ac70fd089532de4e31b38d8a32d8c18_flash.evtx,0x0,0,"{""EventData"":{""Data"":[{""@Name"":""MessageNumber"",""#text"":""1""},{""@Name"":""MessageTotal"",""#text"":""1""},{""@Name"":""ScriptBlockText"",""#text"":""write-output 'health check 8 OK - 04/18/1996 13:00:05'""},{""@Name"":""ScriptBlockId"",""#text"":""62088d09-77ba-4f14-8bdc-6bb0e7a079fb""},{""@Name"":""Path""}]}}"
12,587,1996-04-18 17:00:05.2962366,4104,Verbose,Microsoft-Windows-PowerShell,Microsoft-Windows-PowerShell/Operational,3508,3644,DESKTOP-18VQM18,0,S-1-5-21-2499541837-3295018831-3194739457-1002,Contains contents of scripts run,,,"Path: ",ScriptBlockText: write-output 'health check 9 OK - 04/18/1996 13:00:05',,,,,,False,c:\temp\5ac70fd089532de4e31b38d8a32d8c18_flash.evtx,0x0,0,"{""EventData"":{""Data"":[{""@Name"":""MessageNumber"",""#text"":""1""},{""@Name"":""MessageTotal"",""#text"":""1""},{""@Name"":""ScriptBlockText"",""#text"":""write-output 'health check 9 OK - 04/18/1996 13:00:05'""},{""@Name"":""ScriptBlockId"",""#text"":""983f3d29-827c-4a76-81e1-fbac725c2a6c""},{""@Name"":""Path""}]}}"
13,588,1996-04-18 17:00:05.3140057,4104,Verbose,Microsoft-Windows-PowerShell,Microsoft-Windows-PowerShell/Operational,3508,3644,DESKTOP-18VQM18,0,S-1-5-21-2499541837-3295018831-3194739457-1002,Contains contents of scripts run,,,"Path: ",ScriptBlockText: write-output 'health check 10 OK - 04/18/1996 13:00:05',,,,,,False,c:\temp\5ac70fd089532de4e31b38d8a32d8c18_flash.evtx,0x0,0,"{""EventData"":{""Data"":[{""@Name"":""MessageNumber"",""#text"":""1""},{""@Name"":""MessageTotal"",""#text"":""1""},{""@Name"":""ScriptBlockText"",""#text"":""write-output 'health check 10 OK - 04/18/1996 13:00:05'""},{""@Name"":""ScriptBlockId"",""#text"":""7bb654a6-4f1e-4017-86a8-2504bed007a3""},{""@Name"":""Path""}]}}"
14,589,1996-04-18 17:00:05.3306464,4104,Verbose,Microsoft-Windows-PowerShell,Microsoft-Windows-PowerShell/Operational,3508,3644,DESKTOP-18VQM18,0,S-1-5-21-2499541837-3295018831-3194739457-1002,Contains contents of scripts run,,,"Path: ",ScriptBlockText: write-output 'health check 11 OK - 04/18/1996 13:00:05',,,,,,False,c:\temp\5ac70fd089532de4e31b38d8a32d8c18_flash.evtx,0x0,0,"{""EventData"":{""Data"":[{""@Name"":""MessageNumber"",""#text"":""1""},{""@Name"":""MessageTotal"",""#text"":""1""},{""@Name"":""ScriptBlockText"",""#text"":""write-output 'health check 11 OK - 04/18/1996 13:00:05'""},{""@Name"":""ScriptBlockId"",""#text"":""08aae3dd-c89f-4691-9c26-b8fc2694a5f0""},{""@Name"":""Path""}]}}"
15,590,1996-04-18 17:00:05.3473512,4104,Verbose,Microsoft-Windows-PowerShell,Microsoft-Windows-PowerShell/Operational,3508,3644,DESKTOP-18VQM18,0,S-1-5-21-2499541837-3295018831-3194739457-1002,Contains contents of scripts run,,,"Path: ",ScriptBlockText: write-output 'health check 12 OK - 04/18/1996 13:00:05',,,,,,False,c:\temp\5ac70fd089532de4e31b38d8a32d8c18_flash.evtx,0x0,0,"{""EventData"":{""Data"":[{""@Name"":""MessageNumber"",""#text"":""1""},{""@Name"":""MessageTotal"",""#text"":""1""},{""@Name"":""ScriptBlockText"",""#text"":""write-output 'health check 12 OK - 04/18/1996 13:00:05'""},{""@Name"":""ScriptBlockId"",""#text"":""0a6aab3c-55b9-4a6e-8857-bd727ca76ea2""},{""@Name"":""Path""}]}}"
16,591,1996-04-18 17:00:05.3616771,4104,Verbose,Microsoft-Windows-PowerShell,Microsoft-Windows-PowerShell/Operational,3508,3644,DESKTOP-18VQM18,0,S-1-5-21-2499541837-3295018831-3194739457-1002,Contains contents of scripts run,,,"Path: ",ScriptBlockText: write-output 'health check 13 OK - 04/18/1996 13:00:05',,,,,,False,c:\temp\5ac70fd089532de4e31b38d8a32d8c18_flash.evtx,0x0,0,"{""EventData"":{""Data"":[{""@Name"":""MessageNumber"",""#text"":""1""},{""@Name"":""MessageTotal"",""#text"":""1""},{""@Name"":""ScriptBlockText"",""#text"":""write-output 'health check 13 OK - 04/18/1996 13:00:05'""},{""@Name"":""ScriptBlockId"",""#text"":""335d33d5-ed2e-4c61-849f-e3885cfe0882""},{""@Name"":""Path""}]}}"
17,592,1996-04-18 17:00:05.3808857,4104,Verbose,Microsoft-Windows-PowerShell,Microsoft-Windows-PowerShell/Operational,3508,3644,DESKTOP-18VQM18,0,S-1-5-21-2499541837-3295018831-3194739457-1002,Contains contents of scripts run,,,"Path: ",ScriptBlockText: write-output 'health check 14 OK - 04/18/1996 13:00:05',,,,,,False,c:\temp\5ac70fd089532de4e31b38d8a32d8c18_flash.evtx,0x0,0,"{""EventData"":{""Data"":[{""@Name"":""MessageNumber"",""#text"":""1""},{""@Name"":""MessageTotal"",""#text"":""1""},{""@Name"":""ScriptBlockText"",""#text"":""write-output 'health check 14 OK - 04/18/1996 13:00:05'""},{""@Name"":""ScriptBlockId"",""#text"":""30c373f6-e712-4b0d-800a-c2b0ef1598f3""},{""@Name"":""Path""}]}}"
18,593,1996-04-18 17:00:05.3963289,4104,Verbose,Microsoft-Windows-PowerShell,Microsoft-Windows-PowerShell/Operational,3508,3644,DESKTOP-18VQM18,0,S-1-5-21-2499541837-3295018831-3194739457-1002,Contains contents of scripts run,,,"Path: ",ScriptBlockText: write-output 'health check 15 OK - 04/18/1996 13:00:05',,,,,,False,c:\temp\5ac70fd089532de4e31b38d8a32d8c18_flash.evtx,0x0,0,"{""EventData"":{""Data"":[{""@Name"":""MessageNumber"",""#text"":""1""},{""@Name"":""MessageTotal"",""#text"":""1""},{""@Name"":""ScriptBlockText"",""#text"":""write-output 'health check 15 OK - 04/18/1996 13:00:05'""},{""@Name"":""ScriptBlockId"",""#text"":""e7575f40-7ac5-4be6-a041-397ca9b710a8""},{""@Name"":""Path""}]}}"
19,594,1996-04-18 17:00:05.4160718,4104,Verbose,Microsoft-Windows-PowerShell,Microsoft-Windows-PowerShell/Operational,3508,3644,DESKTOP-18VQM18,0,S-1-5-21-2499541837-3295018831-3194739457-1002,Contains contents of scripts run,,,"Path: ",ScriptBlockText: write-output 'health check 16 OK - 04/18/1996 13:00:05',,,,,,False,c:\temp\5ac70fd089532de4e31b38d8a32d8c18_flash.evtx,0x0,0,"{""EventData"":{""Data"":[{""@Name"":""MessageNumber"",""#text"":""1""},{""@Name"":""MessageTotal"",""#text"":""1""},{""@Name"":""ScriptBlockText"",""#text"":""write-output 'health check 16 OK - 04/18/1996 13:00:05'""},{""@Name"":""ScriptBlockId"",""#text"":""84e9f89d-b021-4dad-9fcb-f35ca76590c5""},{""@Name"":""Path""}]}}"
20,595,1996-04-18 17:00:05.4375604,4104,Verbose,Microsoft-Windows-PowerShell,Microsoft-Windows-PowerShell/Operational,3508,3644,DESKTOP-18VQM18,0,S-1-5-21-2499541837-3295018831-3194739457-1002,Contains contents of scripts run,,,"Path: ",ScriptBlockText: write-output 'health check 17 OK - 04/18/1996 13:00:05',,,,,,False,c:\temp\5ac70fd089532de4e31b38d8a32d8c18_flash.evtx,0x0,0,"{""EventData"":{""Data"":[{""@Name"":""MessageNumber"",""#text"":""1""},{""@Name"":""MessageTotal"",""#text"":""1""},{""@Name"":""ScriptBlockText"",""#text"":""write-output 'health check 17 OK - 04/18/1996 13:00:05'""},{""@Name"":""ScriptBlockId"",""#text"":""2280c6f6-8030-4ad9-b216-fefea8893b10""},{""@Name"":""Path""}]}}"
21,596,1996-04-18 17:00:05.4520389,4104,Verbose,Microsoft-Windows-PowerShell,Microsoft-Windows-PowerShell/Operational,3508,3644,DESKTOP-18VQM18,0,S-1-5-21-2499541837-3295018831-3194739457-1002,Contains contents of scripts run,,,"Path: ",ScriptBlockText: write-output 'health check 18 OK - 04/18/1996 13:00:05',,,,,,False,c:\temp\5ac70fd089532de4e31b38d8a32d8c18_flash.evtx,0x0,0,"{""EventData"":{""Data"":[{""@Name"":""MessageNumber"",""#text"":""1""},{""@Name"":""MessageTotal"",""#text"":""1""},{""@Name"":""ScriptBlockText"",""#text"":""write-output 'health check 18 OK - 04/18/1996 13:00:05'""},{""@Name"":""ScriptBlockId"",""#text"":""9954cb07-09de-49ab-bc01-56cc291efd64""},{""@Name"":""Path""}]}}"
22,597,1996-04-18 17:00:05.4698637,4104,Verbose,Microsoft-Windows-PowerShell,Microsoft-Windows-PowerShell/Operational,3508,3644,DESKTOP-18VQM18,0,S-1-5-21-2499541837-3295018831-3194739457-1002,Contains contents of scripts run,,,"Path: ",ScriptBlockText: write-output 'health check 19 OK - 04/18/1996 13:00:05',,,,,,False,c:\temp\5ac70fd089532de4e31b38d8a32d8c18_flash.evtx,0x0,0,"{""EventData"":{""Data"":[{""@Name"":""MessageNumber"",""#text"":""1""},{""@Name"":""MessageTotal"",""#text"":""1""},{""@Name"":""ScriptBlockText"",""#text"":""write-output 'health check 19 OK - 04/18/1996 13:00:05'""},{""@Name"":""ScriptBlockId"",""#text"":""2ef45742-157a-4bad-ad27-0d0b15245686""},{""@Name"":""Path""}]}}"
23,598,1996-04-18 17:00:05.4853994,4104,Verbose,Microsoft-Windows-PowerShell,Microsoft-Windows-PowerShell/Operational,3508,3644,DESKTOP-18VQM18,0,S-1-5-21-2499541837-3295018831-3194739457-1002,Contains contents of scripts run,,,"Path: ",ScriptBlockText: write-output 'health check 20 OK - 04/18/1996 13:00:05',,,,,,False,c:\temp\5ac70fd089532de4e31b38d8a32d8c18_flash.evtx,0x0,0,"{""EventData"":{""Data"":[{""@Name"":""MessageNumber"",""#text"":""1""},{""@Name"":""MessageTotal"",""#text"":""1""},{""@Name"":""ScriptBlockText"",""#text"":""write-output 'health check 20 OK - 04/18/1996 13:00:05'""},{""@Name"":""ScriptBlockId"",""#text"":""a7b5d396-6d45-4959-9eee-7cf244cd5116""},{""@Name"":""Path""}]}}"
24,599,1996-04-18 17:00:05.5032796,4104,Verbose,Microsoft-Windows-PowerShell,Microsoft-Windows-PowerShell/Operational,3508,3644,DESKTOP-18VQM18,0,S-1-5-21-2499541837-3295018831-3194739457-1002,Contains contents of scripts run,,,"Path: ",ScriptBlockText: write-output 'health check 21 OK - 04/18/1996 13:00:05',,,,,,False,c:\temp\5ac70fd089532de4e31b38d8a32d8c18_flash.evtx,0x0,0,"{""EventData"":{""Data"":[{""@Name"":""MessageNumber"",""#text"":""1""},{""@Name"":""MessageTotal"",""#text"":""1""},{""@Name"":""ScriptBlockText"",""#text"":""write-output 'health check 21 OK - 04/18/1996 13:00:05'""},{""@Name"":""ScriptBlockId"",""#text"":""8cdba029-7bdd-44a6-8737-5172b6684deb""},{""@Name"":""Path""}]}}"
25,600,1996-04-18 17:00:05.5209138,4104,Verbose,Microsoft-Windows-PowerShell,Microsoft-Windows-PowerShell/Operational,3508,3644,DESKTOP-18VQM18,0,S-1-5-21-2499541837-3295018831-3194739457-1002,Contains contents of scripts run,,,"Path: ",ScriptBlockText: write-output 'health check 22 OK - 04/18/1996 13:00:05',,,,,,False,c:\temp\5ac70fd089532de4e31b38d8a32d8c18_flash.evtx,0x0,0,"{""EventData"":{""Data"":[{""@Name"":""MessageNumber"",""#text"":""1""},{""@Name"":""MessageTotal"",""#text"":""1""},{""@Name"":""ScriptBlockText"",""#text"":""write-output 'health check 22 OK - 04/18/1996 13:00:05'""},{""@Name"":""ScriptBlockId"",""#text"":""079c3f32-26c9-4245-bd93-c1a9a9878d7e""},{""@Name"":""Path""}]}}"
26,601,1996-04-18 17:00:05.5370528,4104,Verbose,Microsoft-Windows-PowerShell,Microsoft-Windows-PowerShell/Operational,3508,3644,DESKTOP-18VQM18,0,S-1-5-21-2499541837-3295018831-3194739457-1002,Contains contents of scripts run,,,"Path: ",ScriptBlockText: write-output 'health check 23 OK - 04/18/1996 13:00:05',,,,,,False,c:\temp\5ac70fd089532de4e31b38d8a32d8c18_flash.evtx,0x0,0,"{""EventData"":{""Data"":[{""@Name"":""MessageNumber"",""#text"":""1""},{""@Name"":""MessageTotal"",""#text"":""1""},{""@Name"":""ScriptBlockText"",""#text"":""write-output 'health check 23 OK - 04/18/1996 13:00:05'""},{""@Name"":""ScriptBlockId"",""#text"":""02fa178c-b7cb-4e6f-a8d9-de5f4b72fc25""},{""@Name"":""Path""}]}}"
27,602,1996-04-18 17:00:05.5532015,4104,Verbose,Microsoft-Windows-PowerShell,Microsoft-Windows-PowerShell/Operational,3508,3644,DESKTOP-18VQM18,0,S-1-5-21-2499541837-3295018831-3194739457-1002,Contains contents of scripts run,,,"Path: ",ScriptBlockText: write-output 'health check 24 OK - 04/18/1996 13:00:05',,,,,,False,c:\temp\5ac70fd089532de4e31b38d8a32d8c18_flash.evtx,0x0,0,"{""EventData"":{""Data"":[{""@Name"":""MessageNumber"",""#text"":""1""},{""@Name"":""MessageTotal"",""#text"":""1""},{""@Name"":""ScriptBlockText"",""#text"":""write-output 'health check 24 OK - 04/18/1996 13:00:05'""},{""@Name"":""ScriptBlockId"",""#text"":""ccddfb85-b4e8-4610-b5b5-9477994907e9""},{""@Name"":""Path""}]}}"
28,603,1996-04-18 17:00:05.5742913,4104,Verbose,Microsoft-Windows-PowerShell,Microsoft-Windows-PowerShell/Operational,3508,3644,DESKTOP-18VQM18,0,S-1-5-21-2499541837-3295018831-3194739457-1002,Contains contents of scripts run,,,"Path: ",ScriptBlockText: write-output 'health check 25 OK - 04/18/1996 13:00:05',,,,,,False,c:\temp\5ac70fd089532de4e31b38d8a32d8c18_flash.evtx,0x0,0,"{""EventData"":{""Data"":[{""@Name"":""MessageNumber"",""#text"":""1""},{""@Name"":""MessageTotal"",""#text"":""1""},{""@Name"":""ScriptBlockText"",""#text"":""write-output 'health check 25 OK - 04/18/1996 13:00:05'""},{""@Name"":""ScriptBlockId"",""#text"":""ce8c115f-4561-4fc1-82e9-bc3849fbb351""},{""@Name"":""Path""}]}}"
29,604,1996-04-18 17:00:05.5927519,4104,Verbose,Microsoft-Windows-PowerShell,Microsoft-Windows-PowerShell/Operational,3508,3644,DESKTOP-18VQM18,0,S-1-5-21-2499541837-3295018831-3194739457-1002,Contains contents of scripts run,,,"Path: ",ScriptBlockText: write-output 'health check 26 OK - 04/18/1996 13:00:05',,,,,,False,c:\temp\5ac70fd089532de4e31b38d8a32d8c18_flash.evtx,0x0,0,"{""EventData"":{""Data"":[{""@Name"":""MessageNumber"",""#text"":""1""},{""@Name"":""MessageTotal"",""#text"":""1""},{""@Name"":""ScriptBlockText"",""#text"":""write-output 'health check 26 OK - 04/18/1996 13:00:05'""},{""@Name"":""ScriptBlockId"",""#text"":""a9f35198-2425-415a-a5b4-a409981ee797""},{""@Name"":""Path""}]}}"
30,605,1996-04-18 17:00:05.6104837,4104,Verbose,Microsoft-Windows-PowerShell,Microsoft-Windows-PowerShell/Operational,3508,3644,DESKTOP-18VQM18,0,S-1-5-21-2499541837-3295018831-3194739457-1002,Contains contents of scripts run,,,"Path: ",ScriptBlockText: write-output 'health check 27 OK - 04/18/1996 13:00:05',,,,,,False,c:\temp\5ac70fd089532de4e31b38d8a32d8c18_flash.evtx,0x0,0,"{""EventData"":{""Data"":[{""@Name"":""MessageNumber"",""#text"":""1""},{""@Name"":""MessageTotal"",""#text"":""1""},{""@Name"":""ScriptBlockText"",""#text"":""write-output 'health check 27 OK - 04/18/1996 13:00:05'""},{""@Name"":""ScriptBlockId"",""#text"":""76a7235d-a809-4ab1-bc6d-3e19cb92e565""},{""@Name"":""Path""}]}}"
31,606,1996-04-18 17:00:05.6279233,4104,Verbose,Microsoft-Windows-PowerShell,Microsoft-Windows-PowerShell/Operational,3508,3644,DESKTOP-18VQM18,0,S-1-5-21-2499541837-3295018831-3194739457-1002,Contains contents of scripts run,,,"Path: ",ScriptBlockText: write-output 'health check 28 OK - 04/18/1996 13:00:05',,,,,,False,c:\temp\5ac70fd089532de4e31b38d8a32d8c18_flash.evtx,0x0,0,"{""EventData"":{""Data"":[{""@Name"":""MessageNumber"",""#text"":""1""},{""@Name"":""MessageTotal"",""#text"":""1""},{""@Name"":""ScriptBlockText"",""#text"":""write-output 'health check 28 OK - 04/18/1996 13:00:05'""},{""@Name"":""ScriptBlockId"",""#text"":""85753a3b-da02-45bd-adc3-475ce5ed47bc""},{""@Name"":""Path""}]}}"
32,607,1996-04-18 17:00:05.6434183,4104,Verbose,Microsoft-Windows-PowerShell,Microsoft-Windows-PowerShell/Operational,3508,3644,DESKTOP-18VQM18,0,S-1-5-21-2499541837-3295018831-3194739457-1002,Contains contents of scripts run,,,"Path: ",ScriptBlockText: write-output 'health check 29 OK - 04/18/1996 13:00:05',,,,,,False,c:\temp\5ac70fd089532de4e31b38d8a32d8c18_flash.evtx,0x0,0,"{""EventData"":{""Data"":[{""@Name"":""MessageNumber"",""#text"":""1""},{""@Name"":""MessageTotal"",""#text"":""1""},{""@Name"":""ScriptBlockText"",""#text"":""write-output 'health check 29 OK - 04/18/1996 13:00:05'""},{""@Name"":""ScriptBlockId"",""#text"":""5a893c22-34f3-4724-930f-bb21ba41afc4""},{""@Name"":""Path""}]}}"
33,608,1996-04-18 17:00:05.6473694,4104,Verbose,Microsoft-Windows-PowerShell,Microsoft-Windows-PowerShell/Operational,3508,3644,DESKTOP-18VQM18,0,S-1-5-21-2499541837-3295018831-3194739457-1002,Contains contents of scripts run,,,"Path: ",ScriptBlockText: prompt,,,,,,False,c:\temp\5ac70fd089532de4e31b38d8a32d8c18_flash.evtx,0x0,0,"{""EventData"":{""Data"":[{""@Name"":""MessageNumber"",""#text"":""1""},{""@Name"":""MessageTotal"",""#text"":""1""},{""@Name"":""ScriptBlockText"",""#text"":""prompt""},{""@Name"":""ScriptBlockId"",""#text"":""9f6c50ff-bf50-42ea-ba31-48d351cd5700""},{""@Name"":""Path""}]}}"
34,609,1996-04-18 17:00:13.1729147,4104,Verbose,Microsoft-Windows-PowerShell,Microsoft-Windows-PowerShell/Operational,3508,3644,DESKTOP-18VQM18,0,S-1-5-21-2499541837-3295018831-3194739457-1002,Contains contents of scripts run,,,"Path: ","ScriptBlockText: $e= ""VU1BU1N7ZHJvcF9pdF9saWtlX2l0c19ob3R9""",,,,,,False,c:\temp\5ac70fd089532de4e31b38d8a32d8c18_flash.evtx,0x0,0,"{""EventData"":{""Data"":[{""@Name"":""MessageNumber"",""#text"":""1""},{""@Name"":""MessageTotal"",""#text"":""1""},{""@Name"":""ScriptBlockText"",""#text"":""$e= \""VU1BU1N7ZHJvcF9pdF9saWtlX2l0c19ob3R9\""""},{""@Name"":""ScriptBlockId"",""#text"":""f9c0810f-ced6-44d9-b785-f79203232276""},{""@Name"":""Path""}]}}"
35,610,1996-04-18 17:00:13.1740714,4104,Verbose,Microsoft-Windows-PowerShell,Microsoft-Windows-PowerShell/Operational,3508,3644,DESKTOP-18VQM18,0,S-1-5-21-2499541837-3295018831-3194739457-1002,Contains contents of scripts run,,,"Path: ",ScriptBlockText: prompt,,,,,,False,c:\temp\5ac70fd089532de4e31b38d8a32d8c18_flash.evtx,0x0,0,"{""EventData"":{""Data"":[{""@Name"":""MessageNumber"",""#text"":""1""},{""@Name"":""MessageTotal"",""#text"":""1""},{""@Name"":""ScriptBlockText"",""#text"":""prompt""},{""@Name"":""ScriptBlockId"",""#text"":""04655445-798a-4575-b933-6004cfb76753""},{""@Name"":""Path""}]}}"
36,611,1996-04-18 17:00:16.1066801,4104,Verbose,Microsoft-Windows-PowerShell,Microsoft-Windows-PowerShell/Operational,3508,3644,DESKTOP-18VQM18,0,S-1-5-21-2499541837-3295018831-3194739457-1002,Contains contents of scripts run,,,"Path: ","ScriptBlockText: 1..50 | foreach-object{, $rand = -join ((65..90) + (97..122) | get-random -count 10 | foreach-object {[char]$_}), invoke-expression ""write-output 'suspiciouscommand_$rand'"", }",,,,,,False,c:\temp\5ac70fd089532de4e31b38d8a32d8c18_flash.evtx,0x0,0,"{""EventData"":{""Data"":[{""@Name"":""MessageNumber"",""#text"":""1""},{""@Name"":""MessageTotal"",""#text"":""1""},{""@Name"":""ScriptBlockText"",""#text"":""1..50 | foreach-object{, $rand = -join ((65..90) + (97..122) | get-random -count 10 | foreach-object {[char]$_}), invoke-expression \""write-output 'suspiciouscommand_$rand'\"", }""},{""@Name"":""ScriptBlockId"",""#text"":""86de6e90-b5e3-40aa-97d8-fe18044940b2""},{""@Name"":""Path""}]}}"
37,612,1996-04-18 17:00:16.1075099,4104,Verbose,Microsoft-Windows-PowerShell,Microsoft-Windows-PowerShell/Operational,3508,3644,DESKTOP-18VQM18,0,S-1-5-21-2499541837-3295018831-3194739457-1002,Contains contents of scripts run,,,"Path: ","ScriptBlockText: {, $rand = -join ((65..90) + (97..122) | get-random -count 10 | foreach-object {[char]$_}), invoke-expression ""write-output 'suspiciouscommand_$rand'"", }",,,,,,False,c:\temp\5ac70fd089532de4e31b38d8a32d8c18_flash.evtx,0x0,0,"{""EventData"":{""Data"":[{""@Name"":""MessageNumber"",""#text"":""1""},{""@Name"":""MessageTotal"",""#text"":""1""},{""@Name"":""ScriptBlockText"",""#text"":""{, $rand = -join ((65..90) + (97..122) | get-random -count 10 | foreach-object {[char]$_}), invoke-expression \""write-output 'suspiciouscommand_$rand'\"", }""},{""@Name"":""ScriptBlockId"",""#text"":""1991bc79-2372-46ca-ac51-babad76085ba""},{""@Name"":""Path""}]}}"
38,613,1996-04-18 17:00:16.1083774,4104,Verbose,Microsoft-Windows-PowerShell,Microsoft-Windows-PowerShell/Operational,3508,3644,DESKTOP-18VQM18,0,S-1-5-21-2499541837-3295018831-3194739457-1002,Contains contents of scripts run,,,"Path: ",ScriptBlockText: {[char]$_},,,,,,False,c:\temp\5ac70fd089532de4e31b38d8a32d8c18_flash.evtx,0x0,0,"{""EventData"":{""Data"":[{""@Name"":""MessageNumber"",""#text"":""1""},{""@Name"":""MessageTotal"",""#text"":""1""},{""@Name"":""ScriptBlockText"",""#text"":""{[char]$_}""},{""@Name"":""ScriptBlockId"",""#text"":""824f74f0-de0f-458b-b2cc-fa42585af0cc""},{""@Name"":""Path""}]}}"
39,614,1996-04-18 17:00:16.1228453,4104,Verbose,Microsoft-Windows-PowerShell,Microsoft-Windows-PowerShell/Operational,3508,3644,DESKTOP-18VQM18,0,S-1-5-21-2499541837-3295018831-3194739457-1002,Contains contents of scripts run,,,"Path: ",ScriptBlockText: write-output 'suspiciouscommand_JgiXZwLrvO',,,,,,False,c:\temp\5ac70fd089532de4e31b38d8a32d8c18_flash.evtx,0x0,0,"{""EventData"":{""Data"":[{""@Name"":""MessageNumber"",""#text"":""1""},{""@Name"":""MessageTotal"",""#text"":""1""},{""@Name"":""ScriptBlockText"",""#text"":""write-output 'suspiciouscommand_JgiXZwLrvO'""},{""@Name"":""ScriptBlockId"",""#text"":""2b584ee1-14ca-473f-be19-bbddf7aacd73""},{""@Name"":""Path""}]}}"
40,615,1996-04-18 17:00:16.1374514,4104,Verbose,Microsoft-Windows-PowerShell,Microsoft-Windows-PowerShell/Operational,3508,3644,DESKTOP-18VQM18,0,S-1-5-21-2499541837-3295018831-3194739457-1002,Contains contents of scripts run,,,"Path: ",ScriptBlockText: write-output 'suspiciouscommand_aVDuPNMJwz',,,,,,False,c:\temp\5ac70fd089532de4e31b38d8a32d8c18_flash.evtx,0x0,0,"{""EventData"":{""Data"":[{""@Name"":""MessageNumber"",""#text"":""1""},{""@Name"":""MessageTotal"",""#text"":""1""},{""@Name"":""ScriptBlockText"",""#text"":""write-output 'suspiciouscommand_aVDuPNMJwz'""},{""@Name"":""ScriptBlockId"",""#text"":""f5bdefb1-7dd6-4dc3-9694-78927fb0dda4""},{""@Name"":""Path""}]}}"
41,616,1996-04-18 17:00:16.1527596,4104,Verbose,Microsoft-Windows-PowerShell,Microsoft-Windows-PowerShell/Operational,3508,3644,DESKTOP-18VQM18,0,S-1-5-21-2499541837-3295018831-3194739457-1002,Contains contents of scripts run,,,"Path: ",ScriptBlockText: write-output 'suspiciouscommand_SJldYoMCAt',,,,,,False,c:\temp\5ac70fd089532de4e31b38d8a32d8c18_flash.evtx,0x0,0,"{""EventData"":{""Data"":[{""@Name"":""MessageNumber"",""#text"":""1""},{""@Name"":""MessageTotal"",""#text"":""1""},{""@Name"":""ScriptBlockText"",""#text"":""write-output 'suspiciouscommand_SJldYoMCAt'""},{""@Name"":""ScriptBlockId"",""#text"":""340efb5b-d03b-472c-ab28-b419e96e162a""},{""@Name"":""Path""}]}}"
42,617,1996-04-18 17:00:16.1698827,4104,Verbose,Microsoft-Windows-PowerShell,Microsoft-Windows-PowerShell/Operational,3508,3644,DESKTOP-18VQM18,0,S-1-5-21-2499541837-3295018831-3194739457-1002,Contains contents of scripts run,,,"Path: ",ScriptBlockText: write-output 'suspiciouscommand_ctZEpOmShv',,,,,,False,c:\temp\5ac70fd089532de4e31b38d8a32d8c18_flash.evtx,0x0,0,"{""EventData"":{""Data"":[{""@Name"":""MessageNumber"",""#text"":""1""},{""@Name"":""MessageTotal"",""#text"":""1""},{""@Name"":""ScriptBlockText"",""#text"":""write-output 'suspiciouscommand_ctZEpOmShv'""},{""@Name"":""ScriptBlockId"",""#text"":""bfd31147-dbde-485e-bcda-c559f6afe7ea""},{""@Name"":""Path""}]}}"
43,618,1996-04-18 17:00:16.1926305,4104,Verbose,Microsoft-Windows-PowerShell,Microsoft-Windows-PowerShell/Operational,3508,3644,DESKTOP-18VQM18,0,S-1-5-21-2499541837-3295018831-3194739457-1002,Contains contents of scripts run,,,"Path: ",ScriptBlockText: write-output 'suspiciouscommand_IxJPFzUTAj',,,,,,False,c:\temp\5ac70fd089532de4e31b38d8a32d8c18_flash.evtx,0x0,0,"{""EventData"":{""Data"":[{""@Name"":""MessageNumber"",""#text"":""1""},{""@Name"":""MessageTotal"",""#text"":""1""},{""@Name"":""ScriptBlockText"",""#text"":""write-output 'suspiciouscommand_IxJPFzUTAj'""},{""@Name"":""ScriptBlockId"",""#text"":""e0ed9b33-8283-4a06-a05a-cc3d0811b6d5""},{""@Name"":""Path""}]}}"
44,619,1996-04-18 17:00:16.2171121,4104,Verbose,Microsoft-Windows-PowerShell,Microsoft-Windows-PowerShell/Operational,3508,3644,DESKTOP-18VQM18,0,S-1-5-21-2499541837-3295018831-3194739457-1002,Contains contents of scripts run,,,"Path: ",ScriptBlockText: write-output 'suspiciouscommand_gHviYWBnPq',,,,,,False,c:\temp\5ac70fd089532de4e31b38d8a32d8c18_flash.evtx,0x0,0,"{""EventData"":{""Data"":[{""@Name"":""MessageNumber"",""#text"":""1""},{""@Name"":""MessageTotal"",""#text"":""1""},{""@Name"":""ScriptBlockText"",""#text"":""write-output 'suspiciouscommand_gHviYWBnPq'""},{""@Name"":""ScriptBlockId"",""#text"":""2f958fb1-c8f7-4315-b7e2-a7025f285d55""},{""@Name"":""Path""}]}}"
45,620,1996-04-18 17:00:16.2329272,4104,Verbose,Microsoft-Windows-PowerShell,Microsoft-Windows-PowerShell/Operational,3508,3644,DESKTOP-18VQM18,0,S-1-5-21-2499541837-3295018831-3194739457-1002,Contains contents of scripts run,,,"Path: ",ScriptBlockText: write-output 'suspiciouscommand_JmadvBIAho',,,,,,False,c:\temp\5ac70fd089532de4e31b38d8a32d8c18_flash.evtx,0x0,0,"{""EventData"":{""Data"":[{""@Name"":""MessageNumber"",""#text"":""1""},{""@Name"":""MessageTotal"",""#text"":""1""},{""@Name"":""ScriptBlockText"",""#text"":""write-output 'suspiciouscommand_JmadvBIAho'""},{""@Name"":""ScriptBlockId"",""#text"":""e30ea628-27ba-4290-8c1a-4abec29c5bbe""},{""@Name"":""Path""}]}}"
46,621,1996-04-18 17:00:16.2492593,4104,Verbose,Microsoft-Windows-PowerShell,Microsoft-Windows-PowerShell/Operational,3508,3644,DESKTOP-18VQM18,0,S-1-5-21-2499541837-3295018831-3194739457-1002,Contains contents of scripts run,,,"Path: ",ScriptBlockText: write-output 'suspiciouscommand_ztEXpvuMbK',,,,,,False,c:\temp\5ac70fd089532de4e31b38d8a32d8c18_flash.evtx,0x0,0,"{""EventData"":{""Data"":[{""@Name"":""MessageNumber"",""#text"":""1""},{""@Name"":""MessageTotal"",""#text"":""1""},{""@Name"":""ScriptBlockText"",""#text"":""write-output 'suspiciouscommand_ztEXpvuMbK'""},{""@Name"":""ScriptBlockId"",""#text"":""c46159a3-210e-409c-8d4a-65fb922e3d4b""},{""@Name"":""Path""}]}}"
47,622,1996-04-18 17:00:16.2645294,4104,Verbose,Microsoft-Windows-PowerShell,Microsoft-Windows-PowerShell/Operational,3508,3644,DESKTOP-18VQM18,0,S-1-5-21-2499541837-3295018831-3194739457-1002,Contains contents of scripts run,,,"Path: ",ScriptBlockText: write-output 'suspiciouscommand_bOgocChDTy',,,,,,False,c:\temp\5ac70fd089532de4e31b38d8a32d8c18_flash.evtx,0x0,0,"{""EventData"":{""Data"":[{""@Name"":""MessageNumber"",""#text"":""1""},{""@Name"":""MessageTotal"",""#text"":""1""},{""@Name"":""ScriptBlockText"",""#text"":""write-output 'suspiciouscommand_bOgocChDTy'""},{""@Name"":""ScriptBlockId"",""#text"":""1286ea67-130b-47c1-9bc8-d6ada8372ee5""},{""@Name"":""Path""}]}}"
48,623,1996-04-18 17:00:16.2806100,4104,Verbose,Microsoft-Windows-PowerShell,Microsoft-Windows-PowerShell/Operational,3508,3644,DESKTOP-18VQM18,0,S-1-5-21-2499541837-3295018831-3194739457-1002,Contains contents of scripts run,,,"Path: ",ScriptBlockText: write-output 'suspiciouscommand_GhgdxOKqjD',,,,,,False,c:\temp\5ac70fd089532de4e31b38d8a32d8c18_flash.evtx,0x0,0,"{""EventData"":{""Data"":[{""@Name"":""MessageNumber"",""#text"":""1""},{""@Name"":""MessageTotal"",""#text"":""1""},{""@Name"":""ScriptBlockText"",""#text"":""write-output 'suspiciouscommand_GhgdxOKqjD'""},{""@Name"":""ScriptBlockId"",""#text"":""af015e50-3c70-47a8-be6b-d76a2bb8b2ba""},{""@Name"":""Path""}]}}"
49,624,1996-04-18 17:00:16.2982436,4104,Verbose,Microsoft-Windows-PowerShell,Microsoft-Windows-PowerShell/Operational,3508,3644,DESKTOP-18VQM18,0,S-1-5-21-2499541837-3295018831-3194739457-1002,Contains contents of scripts run,,,"Path: ",ScriptBlockText: write-output 'suspiciouscommand_IhOWPqZNmk',,,,,,False,c:\temp\5ac70fd089532de4e31b38d8a32d8c18_flash.evtx,0x0,0,"{""EventData"":{""Data"":[{""@Name"":""MessageNumber"",""#text"":""1""},{""@Name"":""MessageTotal"",""#text"":""1""},{""@Name"":""ScriptBlockText"",""#text"":""write-output 'suspiciouscommand_IhOWPqZNmk'""},{""@Name"":""ScriptBlockId"",""#text"":""3c631cc8-9265-4b44-be49-1a6c2a641fb8""},{""@Name"":""Path""}]}}"
50,625,1996-04-18 17:00:16.3140580,4104,Verbose,Microsoft-Windows-PowerShell,Microsoft-Windows-PowerShell/Operational,3508,3644,DESKTOP-18VQM18,0,S-1-5-21-2499541837-3295018831-3194739457-1002,Contains contents of scripts run,,,"Path: ",ScriptBlockText: write-output 'suspiciouscommand_fqxreiFUEd',,,,,,False,c:\temp\5ac70fd089532de4e31b38d8a32d8c18_flash.evtx,0x0,0,"{""EventData"":{""Data"":[{""@Name"":""MessageNumber"",""#text"":""1""},{""@Name"":""MessageTotal"",""#text"":""1""},{""@Name"":""ScriptBlockText"",""#text"":""write-output 'suspiciouscommand_fqxreiFUEd'""},{""@Name"":""ScriptBlockId"",""#text"":""dee3520a-3337-48b7-87f7-fac52318222a""},{""@Name"":""Path""}]}}"
51,626,1996-04-18 17:00:16.3325635,4104,Verbose,Microsoft-Windows-PowerShell,Microsoft-Windows-PowerShell/Operational,3508,3644,DESKTOP-18VQM18,0,S-1-5-21-2499541837-3295018831-3194739457-1002,Contains contents of scripts run,,,"Path: ",ScriptBlockText: write-output 'suspiciouscommand_tgAdWaVRpC',,,,,,False,c:\temp\5ac70fd089532de4e31b38d8a32d8c18_flash.evtx,0x0,0,"{""EventData"":{""Data"":[{""@Name"":""MessageNumber"",""#text"":""1""},{""@Name"":""MessageTotal"",""#text"":""1""},{""@Name"":""ScriptBlockText"",""#text"":""write-output 'suspiciouscommand_tgAdWaVRpC'""},{""@Name"":""ScriptBlockId"",""#text"":""e1935702-9b58-4844-b47c-156a372c2eb2""},{""@Name"":""Path""}]}}"
52,627,1996-04-18 17:00:16.3501162,4104,Verbose,Microsoft-Windows-PowerShell,Microsoft-Windows-PowerShell/Operational,3508,3644,DESKTOP-18VQM18,0,S-1-5-21-2499541837-3295018831-3194739457-1002,Contains contents of scripts run,,,"Path: ",ScriptBlockText: write-output 'suspiciouscommand_ITLKerCERG',,,,,,False,c:\temp\5ac70fd089532de4e31b38d8a32d8c18_flash.evtx,0x0,0,"{""EventData"":{""Data"":[{""@Name"":""MessageNumber"",""#text"":""1""},{""@Name"":""MessageTotal"",""#text"":""1""},{""@Name"":""ScriptBlockText"",""#text"":""write-output 'suspiciouscommand_ITLKerCERG'""},{""@Name"":""ScriptBlockId"",""#text"":""9efa5989-3948-4983-bf2e-f183a9d5e872""},{""@Name"":""Path""}]}}"
53,628,1996-04-18 17:00:16.3655443,4104,Verbose,Microsoft-Windows-PowerShell,Microsoft-Windows-PowerShell/Operational,3508,3644,DESKTOP-18VQM18,0,S-1-5-21-2499541837-3295018831-3194739457-1002,Contains contents of scripts run,,,"Path: ",ScriptBlockText: write-output 'suspiciouscommand_mJnNjpfOkF',,,,,,False,c:\temp\5ac70fd089532de4e31b38d8a32d8c18_flash.evtx,0x0,0,"{""EventData"":{""Data"":[{""@Name"":""MessageNumber"",""#text"":""1""},{""@Name"":""MessageTotal"",""#text"":""1""},{""@Name"":""ScriptBlockText"",""#text"":""write-output 'suspiciouscommand_mJnNjpfOkF'""},{""@Name"":""ScriptBlockId"",""#text"":""fe7a65d1-3357-4504-9ba3-940ae1f49b6c""},{""@Name"":""Path""}]}}"
54,629,1996-04-18 17:00:16.3829058,4104,Verbose,Microsoft-Windows-PowerShell,Microsoft-Windows-PowerShell/Operational,3508,3644,DESKTOP-18VQM18,0,S-1-5-21-2499541837-3295018831-3194739457-1002,Contains contents of scripts run,,,"Path: ",ScriptBlockText: write-output 'suspiciouscommand_PUKZldcunb',,,,,,False,c:\temp\5ac70fd089532de4e31b38d8a32d8c18_flash.evtx,0x0,0,"{""EventData"":{""Data"":[{""@Name"":""MessageNumber"",""#text"":""1""},{""@Name"":""MessageTotal"",""#text"":""1""},{""@Name"":""ScriptBlockText"",""#text"":""write-output 'suspiciouscommand_PUKZldcunb'""},{""@Name"":""ScriptBlockId"",""#text"":""3f67fb51-2d3e-4d0b-a0f8-ef814f2a4217""},{""@Name"":""Path""}]}}"
55,630,1996-04-18 17:00:16.3998225,4104,Verbose,Microsoft-Windows-PowerShell,Microsoft-Windows-PowerShell/Operational,3508,3644,DESKTOP-18VQM18,0,S-1-5-21-2499541837-3295018831-3194739457-1002,Contains contents of scripts run,,,"Path: ",ScriptBlockText: write-output 'suspiciouscommand_sJwUFzpuYe',,,,,,False,c:\temp\5ac70fd089532de4e31b38d8a32d8c18_flash.evtx,0x0,0,"{""EventData"":{""Data"":[{""@Name"":""MessageNumber"",""#text"":""1""},{""@Name"":""MessageTotal"",""#text"":""1""},{""@Name"":""ScriptBlockText"",""#text"":""write-output 'suspiciouscommand_sJwUFzpuYe'""},{""@Name"":""ScriptBlockId"",""#text"":""01262283-9602-45f7-bb55-dc775aa23c4e""},{""@Name"":""Path""}]}}"
56,631,1996-04-18 17:00:16.4176747,4104,Verbose,Microsoft-Windows-PowerShell,Microsoft-Windows-PowerShell/Operational,3508,3644,DESKTOP-18VQM18,0,S-1-5-21-2499541837-3295018831-3194739457-1002,Contains contents of scripts run,,,"Path: ",ScriptBlockText: write-output 'suspiciouscommand_LYiQKasWTD',,,,,,False,c:\temp\5ac70fd089532de4e31b38d8a32d8c18_flash.evtx,0x0,0,"{""EventData"":{""Data"":[{""@Name"":""MessageNumber"",""#text"":""1""},{""@Name"":""MessageTotal"",""#text"":""1""},{""@Name"":""ScriptBlockText"",""#text"":""write-output 'suspiciouscommand_LYiQKasWTD'""},{""@Name"":""ScriptBlockId"",""#text"":""e187f2d0-588a-4b5f-b8d4-6bd0f21e0e3b""},{""@Name"":""Path""}]}}"
57,632,1996-04-18 17:00:16.4368513,4104,Verbose,Microsoft-Windows-PowerShell,Microsoft-Windows-PowerShell/Operational,3508,3644,DESKTOP-18VQM18,0,S-1-5-21-2499541837-3295018831-3194739457-1002,Contains contents of scripts run,,,"Path: ",ScriptBlockText: write-output 'suspiciouscommand_XJNMDikhyr',,,,,,False,c:\temp\5ac70fd089532de4e31b38d8a32d8c18_flash.evtx,0x0,0,"{""EventData"":{""Data"":[{""@Name"":""MessageNumber"",""#text"":""1""},{""@Name"":""MessageTotal"",""#text"":""1""},{""@Name"":""ScriptBlockText"",""#text"":""write-output 'suspiciouscommand_XJNMDikhyr'""},{""@Name"":""ScriptBlockId"",""#text"":""c560592f-b995-41c8-97c1-613b82d6e1b5""},{""@Name"":""Path""}]}}"
58,633,1996-04-18 17:00:16.4544326,4104,Verbose,Microsoft-Windows-PowerShell,Microsoft-Windows-PowerShell/Operational,3508,3644,DESKTOP-18VQM18,0,S-1-5-21-2499541837-3295018831-3194739457-1002,Contains contents of scripts run,,,"Path: ",ScriptBlockText: write-output 'suspiciouscommand_RswZVfOFzp',,,,,,False,c:\temp\5ac70fd089532de4e31b38d8a32d8c18_flash.evtx,0x0,0,"{""EventData"":{""Data"":[{""@Name"":""MessageNumber"",""#text"":""1""},{""@Name"":""MessageTotal"",""#text"":""1""},{""@Name"":""ScriptBlockText"",""#text"":""write-output 'suspiciouscommand_RswZVfOFzp'""},{""@Name"":""ScriptBlockId"",""#text"":""ade8aaca-8eac-4119-8d3f-6b71b3159b73""},{""@Name"":""Path""}]}}"
59,634,1996-04-18 17:00:16.4731769,4104,Verbose,Microsoft-Windows-PowerShell,Microsoft-Windows-PowerShell/Operational,3508,3644,DESKTOP-18VQM18,0,S-1-5-21-2499541837-3295018831-3194739457-1002,Contains contents of scripts run,,,"Path: ",ScriptBlockText: write-output 'suspiciouscommand_uGSXYmngao',,,,,,False,c:\temp\5ac70fd089532de4e31b38d8a32d8c18_flash.evtx,0x0,0,"{""EventData"":{""Data"":[{""@Name"":""MessageNumber"",""#text"":""1""},{""@Name"":""MessageTotal"",""#text"":""1""},{""@Name"":""ScriptBlockText"",""#text"":""write-output 'suspiciouscommand_uGSXYmngao'""},{""@Name"":""ScriptBlockId"",""#text"":""9d01cf99-d065-49a7-bcf4-3aad5c233550""},{""@Name"":""Path""}]}}"
60,635,1996-04-18 17:00:16.4901753,4104,Verbose,Microsoft-Windows-PowerShell,Microsoft-Windows-PowerShell/Operational,3508,3644,DESKTOP-18VQM18,0,S-1-5-21-2499541837-3295018831-3194739457-1002,Contains contents of scripts run,,,"Path: ",ScriptBlockText: write-output 'suspiciouscommand_VymjPBXIhA',,,,,,False,c:\temp\5ac70fd089532de4e31b38d8a32d8c18_flash.evtx,0x0,0,"{""EventData"":{""Data"":[{""@Name"":""MessageNumber"",""#text"":""1""},{""@Name"":""MessageTotal"",""#text"":""1""},{""@Name"":""ScriptBlockText"",""#text"":""write-output 'suspiciouscommand_VymjPBXIhA'""},{""@Name"":""ScriptBlockId"",""#text"":""fb416a96-2b69-4fd2-a4f8-2e11e68ad6d5""},{""@Name"":""Path""}]}}"
61,636,1996-04-18 17:00:16.5068457,4104,Verbose,Microsoft-Windows-PowerShell,Microsoft-Windows-PowerShell/Operational,3508,3644,DESKTOP-18VQM18,0,S-1-5-21-2499541837-3295018831-3194739457-1002,Contains contents of scripts run,,,"Path: ",ScriptBlockText: write-output 'suspiciouscommand_eliDKcdrJQ',,,,,,False,c:\temp\5ac70fd089532de4e31b38d8a32d8c18_flash.evtx,0x0,0,"{""EventData"":{""Data"":[{""@Name"":""MessageNumber"",""#text"":""1""},{""@Name"":""MessageTotal"",""#text"":""1""},{""@Name"":""ScriptBlockText"",""#text"":""write-output 'suspiciouscommand_eliDKcdrJQ'""},{""@Name"":""ScriptBlockId"",""#text"":""380b146b-a2d0-4752-bdc4-5da4eb38fafd""},{""@Name"":""Path""}]}}"
62,637,1996-04-18 17:00:16.5248571,4104,Verbose,Microsoft-Windows-PowerShell,Microsoft-Windows-PowerShell/Operational,3508,3644,DESKTOP-18VQM18,0,S-1-5-21-2499541837-3295018831-3194739457-1002,Contains contents of scripts run,,,"Path: ",ScriptBlockText: write-output 'suspiciouscommand_axUvGZCruB',,,,,,False,c:\temp\5ac70fd089532de4e31b38d8a32d8c18_flash.evtx,0x0,0,"{""EventData"":{""Data"":[{""@Name"":""MessageNumber"",""#text"":""1""},{""@Name"":""MessageTotal"",""#text"":""1""},{""@Name"":""ScriptBlockText"",""#text"":""write-output 'suspiciouscommand_axUvGZCruB'""},{""@Name"":""ScriptBlockId"",""#text"":""f4eefec0-4dec-49bc-adec-b396f930dbb0""},{""@Name"":""Path""}]}}"
63,638,1996-04-18 17:00:16.5419327,4104,Verbose,Microsoft-Windows-PowerShell,Microsoft-Windows-PowerShell/Operational,3508,3644,DESKTOP-18VQM18,0,S-1-5-21-2499541837-3295018831-3194739457-1002,Contains contents of scripts run,,,"Path: ",ScriptBlockText: write-output 'suspiciouscommand_PsVIaqdJbR',,,,,,False,c:\temp\5ac70fd089532de4e31b38d8a32d8c18_flash.evtx,0x0,0,"{""EventData"":{""Data"":[{""@Name"":""MessageNumber"",""#text"":""1""},{""@Name"":""MessageTotal"",""#text"":""1""},{""@Name"":""ScriptBlockText"",""#text"":""write-output 'suspiciouscommand_PsVIaqdJbR'""},{""@Name"":""ScriptBlockId"",""#text"":""8a8175de-816c-40fe-ba40-61dc00b9ca9f""},{""@Name"":""Path""}]}}"
64,639,1996-04-18 17:00:16.5587633,4104,Verbose,Microsoft-Windows-PowerShell,Microsoft-Windows-PowerShell/Operational,3508,3644,DESKTOP-18VQM18,0,S-1-5-21-2499541837-3295018831-3194739457-1002,Contains contents of scripts run,,,"Path: ",ScriptBlockText: write-output 'suspiciouscommand_VdqSXgmOxN',,,,,,False,c:\temp\5ac70fd089532de4e31b38d8a32d8c18_flash.evtx,0x0,0,"{""EventData"":{""Data"":[{""@Name"":""MessageNumber"",""#text"":""1""},{""@Name"":""MessageTotal"",""#text"":""1""},{""@Name"":""ScriptBlockText"",""#text"":""write-output 'suspiciouscommand_VdqSXgmOxN'""},{""@Name"":""ScriptBlockId"",""#text"":""6a177b8b-8961-4f3c-9c3a-73bdefbb290a""},{""@Name"":""Path""}]}}"
65,640,1996-04-18 17:00:16.5784440,4104,Verbose,Microsoft-Windows-PowerShell,Microsoft-Windows-PowerShell/Operational,3508,3644,DESKTOP-18VQM18,0,S-1-5-21-2499541837-3295018831-3194739457-1002,Contains contents of scripts run,,,"Path: ",ScriptBlockText: write-output 'suspiciouscommand_QJFIYDPWpK',,,,,,False,c:\temp\5ac70fd089532de4e31b38d8a32d8c18_flash.evtx,0x0,0,"{""EventData"":{""Data"":[{""@Name"":""MessageNumber"",""#text"":""1""},{""@Name"":""MessageTotal"",""#text"":""1""},{""@Name"":""ScriptBlockText"",""#text"":""write-output 'suspiciouscommand_QJFIYDPWpK'""},{""@Name"":""ScriptBlockId"",""#text"":""dca5a90f-be71-4e6c-8381-83f5ba9e4de2""},{""@Name"":""Path""}]}}"
66,641,1996-04-18 17:00:16.5962094,4104,Verbose,Microsoft-Windows-PowerShell,Microsoft-Windows-PowerShell/Operational,3508,3644,DESKTOP-18VQM18,0,S-1-5-21-2499541837-3295018831-3194739457-1002,Contains contents of scripts run,,,"Path: ",ScriptBlockText: write-output 'suspiciouscommand_KJOfWsGTnV',,,,,,False,c:\temp\5ac70fd089532de4e31b38d8a32d8c18_flash.evtx,0x0,0,"{""EventData"":{""Data"":[{""@Name"":""MessageNumber"",""#text"":""1""},{""@Name"":""MessageTotal"",""#text"":""1""},{""@Name"":""ScriptBlockText"",""#text"":""write-output 'suspiciouscommand_KJOfWsGTnV'""},{""@Name"":""ScriptBlockId"",""#text"":""9c552c4e-4de3-4369-82cd-51291b2526ee""},{""@Name"":""Path""}]}}"
67,642,1996-04-18 17:00:16.6157384,4104,Verbose,Microsoft-Windows-PowerShell,Microsoft-Windows-PowerShell/Operational,3508,3644,DESKTOP-18VQM18,0,S-1-5-21-2499541837-3295018831-3194739457-1002,Contains contents of scripts run,,,"Path: ",ScriptBlockText: write-output 'suspiciouscommand_OkUmscHTlg',,,,,,False,c:\temp\5ac70fd089532de4e31b38d8a32d8c18_flash.evtx,0x0,0,"{""EventData"":{""Data"":[{""@Name"":""MessageNumber"",""#text"":""1""},{""@Name"":""MessageTotal"",""#text"":""1""},{""@Name"":""ScriptBlockText"",""#text"":""write-output 'suspiciouscommand_OkUmscHTlg'""},{""@Name"":""ScriptBlockId"",""#text"":""25912b69-60dd-4800-8c36-595bad317709""},{""@Name"":""Path""}]}}"
68,643,1996-04-18 17:00:16.6321197,4104,Verbose,Microsoft-Windows-PowerShell,Microsoft-Windows-PowerShell/Operational,3508,3644,DESKTOP-18VQM18,0,S-1-5-21-2499541837-3295018831-3194739457-1002,Contains contents of scripts run,,,"Path: ",ScriptBlockText: write-output 'suspiciouscommand_LCOhcaklvj',,,,,,False,c:\temp\5ac70fd089532de4e31b38d8a32d8c18_flash.evtx,0x0,0,"{""EventData"":{""Data"":[{""@Name"":""MessageNumber"",""#text"":""1""},{""@Name"":""MessageTotal"",""#text"":""1""},{""@Name"":""ScriptBlockText"",""#text"":""write-output 'suspiciouscommand_LCOhcaklvj'""},{""@Name"":""ScriptBlockId"",""#text"":""2dcc8f49-8b07-4c3a-a94d-2f31d9cf5cc6""},{""@Name"":""Path""}]}}"
69,644,1996-04-18 17:00:16.6504915,4104,Verbose,Microsoft-Windows-PowerShell,Microsoft-Windows-PowerShell/Operational,3508,3644,DESKTOP-18VQM18,0,S-1-5-21-2499541837-3295018831-3194739457-1002,Contains contents of scripts run,,,"Path: ",ScriptBlockText: write-output 'suspiciouscommand_AHgaoiDmJM',,,,,,False,c:\temp\5ac70fd089532de4e31b38d8a32d8c18_flash.evtx,0x0,0,"{""EventData"":{""Data"":[{""@Name"":""MessageNumber"",""#text"":""1""},{""@Name"":""MessageTotal"",""#text"":""1""},{""@Name"":""ScriptBlockText"",""#text"":""write-output 'suspiciouscommand_AHgaoiDmJM'""},{""@Name"":""ScriptBlockId"",""#text"":""c2da9a13-c670-46d5-8171-c77cd79831ce""},{""@Name"":""Path""}]}}"
70,645,1996-04-18 17:00:16.6654997,4104,Verbose,Microsoft-Windows-PowerShell,Microsoft-Windows-PowerShell/Operational,3508,3644,DESKTOP-18VQM18,0,S-1-5-21-2499541837-3295018831-3194739457-1002,Contains contents of scripts run,,,"Path: ",ScriptBlockText: write-output 'suspiciouscommand_DlHFmEwKMr',,,,,,False,c:\temp\5ac70fd089532de4e31b38d8a32d8c18_flash.evtx,0x0,0,"{""EventData"":{""Data"":[{""@Name"":""MessageNumber"",""#text"":""1""},{""@Name"":""MessageTotal"",""#text"":""1""},{""@Name"":""ScriptBlockText"",""#text"":""write-output 'suspiciouscommand_DlHFmEwKMr'""},{""@Name"":""ScriptBlockId"",""#text"":""83992df3-44ba-4cd9-b339-7764dd613aff""},{""@Name"":""Path""}]}}"
71,646,1996-04-18 17:00:16.6846228,4104,Verbose,Microsoft-Windows-PowerShell,Microsoft-Windows-PowerShell/Operational,3508,3644,DESKTOP-18VQM18,0,S-1-5-21-2499541837-3295018831-3194739457-1002,Contains contents of scripts run,,,"Path: ",ScriptBlockText: write-output 'suspiciouscommand_IHVORSButU',,,,,,False,c:\temp\5ac70fd089532de4e31b38d8a32d8c18_flash.evtx,0x0,0,"{""EventData"":{""Data"":[{""@Name"":""MessageNumber"",""#text"":""1""},{""@Name"":""MessageTotal"",""#text"":""1""},{""@Name"":""ScriptBlockText"",""#text"":""write-output 'suspiciouscommand_IHVORSButU'""},{""@Name"":""ScriptBlockId"",""#text"":""57a8a17b-88f6-49e3-98e4-57529435bb43""},{""@Name"":""Path""}]}}"
72,647,1996-04-18 17:00:16.7017303,4104,Verbose,Microsoft-Windows-PowerShell,Microsoft-Windows-PowerShell/Operational,3508,3644,DESKTOP-18VQM18,0,S-1-5-21-2499541837-3295018831-3194739457-1002,Contains contents of scripts run,,,"Path: ",ScriptBlockText: write-output 'suspiciouscommand_hBUNGxqdgn',,,,,,False,c:\temp\5ac70fd089532de4e31b38d8a32d8c18_flash.evtx,0x0,0,"{""EventData"":{""Data"":[{""@Name"":""MessageNumber"",""#text"":""1""},{""@Name"":""MessageTotal"",""#text"":""1""},{""@Name"":""ScriptBlockText"",""#text"":""write-output 'suspiciouscommand_hBUNGxqdgn'""},{""@Name"":""ScriptBlockId"",""#text"":""73f1c489-8320-49cc-b3e1-049666553c96""},{""@Name"":""Path""}]}}"
73,648,1996-04-18 17:00:16.7169679,4104,Verbose,Microsoft-Windows-PowerShell,Microsoft-Windows-PowerShell/Operational,3508,3644,DESKTOP-18VQM18,0,S-1-5-21-2499541837-3295018831-3194739457-1002,Contains contents of scripts run,,,"Path: ",ScriptBlockText: write-output 'suspiciouscommand_mcoZCxLRhe',,,,,,False,c:\temp\5ac70fd089532de4e31b38d8a32d8c18_flash.evtx,0x0,0,"{""EventData"":{""Data"":[{""@Name"":""MessageNumber"",""#text"":""1""},{""@Name"":""MessageTotal"",""#text"":""1""},{""@Name"":""ScriptBlockText"",""#text"":""write-output 'suspiciouscommand_mcoZCxLRhe'""},{""@Name"":""ScriptBlockId"",""#text"":""8317e8d0-4575-4337-94f7-01930367cf0c""},{""@Name"":""Path""}]}}"
74,649,1996-04-18 17:00:16.7338689,4104,Verbose,Microsoft-Windows-PowerShell,Microsoft-Windows-PowerShell/Operational,3508,3644,DESKTOP-18VQM18,0,S-1-5-21-2499541837-3295018831-3194739457-1002,Contains contents of scripts run,,,"Path: ",ScriptBlockText: write-output 'suspiciouscommand_qNEcYJaKCr',,,,,,False,c:\temp\5ac70fd089532de4e31b38d8a32d8c18_flash.evtx,0x0,0,"{""EventData"":{""Data"":[{""@Name"":""MessageNumber"",""#text"":""1""},{""@Name"":""MessageTotal"",""#text"":""1""},{""@Name"":""ScriptBlockText"",""#text"":""write-output 'suspiciouscommand_qNEcYJaKCr'""},{""@Name"":""ScriptBlockId"",""#text"":""2155ecae-2102-4eff-a88e-83cfd3475947""},{""@Name"":""Path""}]}}"
75,650,1996-04-18 17:00:16.7525816,4104,Verbose,Microsoft-Windows-PowerShell,Microsoft-Windows-PowerShell/Operational,3508,3644,DESKTOP-18VQM18,0,S-1-5-21-2499541837-3295018831-3194739457-1002,Contains contents of scripts run,,,"Path: ",ScriptBlockText: write-output 'suspiciouscommand_cRvVlqPBgU',,,,,,False,c:\temp\5ac70fd089532de4e31b38d8a32d8c18_flash.evtx,0x0,0,"{""EventData"":{""Data"":[{""@Name"":""MessageNumber"",""#text"":""1""},{""@Name"":""MessageTotal"",""#text"":""1""},{""@Name"":""ScriptBlockText"",""#text"":""write-output 'suspiciouscommand_cRvVlqPBgU'""},{""@Name"":""ScriptBlockId"",""#text"":""a4401006-6ff8-400c-862b-63c6d85575eb""},{""@Name"":""Path""}]}}"
76,651,1996-04-18 17:00:16.7715099,4104,Verbose,Microsoft-Windows-PowerShell,Microsoft-Windows-PowerShell/Operational,3508,3644,DESKTOP-18VQM18,0,S-1-5-21-2499541837-3295018831-3194739457-1002,Contains contents of scripts run,,,"Path: ",ScriptBlockText: write-output 'suspiciouscommand_ulNvfdGUPZ',,,,,,False,c:\temp\5ac70fd089532de4e31b38d8a32d8c18_flash.evtx,0x0,0,"{""EventData"":{""Data"":[{""@Name"":""MessageNumber"",""#text"":""1""},{""@Name"":""MessageTotal"",""#text"":""1""},{""@Name"":""ScriptBlockText"",""#text"":""write-output 'suspiciouscommand_ulNvfdGUPZ'""},{""@Name"":""ScriptBlockId"",""#text"":""03b0e7c2-54ee-4c4d-9de4-96f3b521e8e6""},{""@Name"":""Path""}]}}"
77,652,1996-04-18 17:00:16.7907749,4104,Verbose,Microsoft-Windows-PowerShell,Microsoft-Windows-PowerShell/Operational,3508,3644,DESKTOP-18VQM18,0,S-1-5-21-2499541837-3295018831-3194739457-1002,Contains contents of scripts run,,,"Path: ",ScriptBlockText: write-output 'suspiciouscommand_dnsFrxejIR',,,,,,False,c:\temp\5ac70fd089532de4e31b38d8a32d8c18_flash.evtx,0x0,0,"{""EventData"":{""Data"":[{""@Name"":""MessageNumber"",""#text"":""1""},{""@Name"":""MessageTotal"",""#text"":""1""},{""@Name"":""ScriptBlockText"",""#text"":""write-output 'suspiciouscommand_dnsFrxejIR'""},{""@Name"":""ScriptBlockId"",""#text"":""cbec418c-ff23-4b61-b90e-ebefe07739db""},{""@Name"":""Path""}]}}"
78,653,1996-04-18 17:00:16.8075573,4104,Verbose,Microsoft-Windows-PowerShell,Microsoft-Windows-PowerShell/Operational,3508,3644,DESKTOP-18VQM18,0,S-1-5-21-2499541837-3295018831-3194739457-1002,Contains contents of scripts run,,,"Path: ",ScriptBlockText: write-output 'suspiciouscommand_wAiYxWLhSD',,,,,,False,c:\temp\5ac70fd089532de4e31b38d8a32d8c18_flash.evtx,0x0,0,"{""EventData"":{""Data"":[{""@Name"":""MessageNumber"",""#text"":""1""},{""@Name"":""MessageTotal"",""#text"":""1""},{""@Name"":""ScriptBlockText"",""#text"":""write-output 'suspiciouscommand_wAiYxWLhSD'""},{""@Name"":""ScriptBlockId"",""#text"":""85ffd0e3-4c25-4572-b2b2-eaf54c00355f""},{""@Name"":""Path""}]}}"
79,654,1996-04-18 17:00:16.8251532,4104,Verbose,Microsoft-Windows-PowerShell,Microsoft-Windows-PowerShell/Operational,3508,3644,DESKTOP-18VQM18,0,S-1-5-21-2499541837-3295018831-3194739457-1002,Contains contents of scripts run,,,"Path: ",ScriptBlockText: write-output 'suspiciouscommand_SDGgBMdqbV',,,,,,False,c:\temp\5ac70fd089532de4e31b38d8a32d8c18_flash.evtx,0x0,0,"{""EventData"":{""Data"":[{""@Name"":""MessageNumber"",""#text"":""1""},{""@Name"":""MessageTotal"",""#text"":""1""},{""@Name"":""ScriptBlockText"",""#text"":""write-output 'suspiciouscommand_SDGgBMdqbV'""},{""@Name"":""ScriptBlockId"",""#text"":""e403631e-e98e-4e4d-a902-87ffe0c6871c""},{""@Name"":""Path""}]}}"
80,655,1996-04-18 17:00:16.8403071,4104,Verbose,Microsoft-Windows-PowerShell,Microsoft-Windows-PowerShell/Operational,3508,3644,DESKTOP-18VQM18,0,S-1-5-21-2499541837-3295018831-3194739457-1002,Contains contents of scripts run,,,"Path: ",ScriptBlockText: write-output 'suspiciouscommand_hFjrKfaoPE',,,,,,False,c:\temp\5ac70fd089532de4e31b38d8a32d8c18_flash.evtx,0x0,0,"{""EventData"":{""Data"":[{""@Name"":""MessageNumber"",""#text"":""1""},{""@Name"":""MessageTotal"",""#text"":""1""},{""@Name"":""ScriptBlockText"",""#text"":""write-output 'suspiciouscommand_hFjrKfaoPE'""},{""@Name"":""ScriptBlockId"",""#text"":""8f225fca-ba53-4de9-b82a-2b0fe0316940""},{""@Name"":""Path""}]}}"
81,656,1996-04-18 17:00:16.8562364,4104,Verbose,Microsoft-Windows-PowerShell,Microsoft-Windows-PowerShell/Operational,3508,3644,DESKTOP-18VQM18,0,S-1-5-21-2499541837-3295018831-3194739457-1002,Contains contents of scripts run,,,"Path: ",ScriptBlockText: write-output 'suspiciouscommand_PfIdDFhioz',,,,,,False,c:\temp\5ac70fd089532de4e31b38d8a32d8c18_flash.evtx,0x0,0,"{""EventData"":{""Data"":[{""@Name"":""MessageNumber"",""#text"":""1""},{""@Name"":""MessageTotal"",""#text"":""1""},{""@Name"":""ScriptBlockText"",""#text"":""write-output 'suspiciouscommand_PfIdDFhioz'""},{""@Name"":""ScriptBlockId"",""#text"":""d7e58d47-bf31-4928-8f33-47419da340d0""},{""@Name"":""Path""}]}}"
82,657,1996-04-18 17:00:16.8724396,4104,Verbose,Microsoft-Windows-PowerShell,Microsoft-Windows-PowerShell/Operational,3508,3644,DESKTOP-18VQM18,0,S-1-5-21-2499541837-3295018831-3194739457-1002,Contains contents of scripts run,,,"Path: ",ScriptBlockText: write-output 'suspiciouscommand_lgDCQsWutA',,,,,,False,c:\temp\5ac70fd089532de4e31b38d8a32d8c18_flash.evtx,0x0,0,"{""EventData"":{""Data"":[{""@Name"":""MessageNumber"",""#text"":""1""},{""@Name"":""MessageTotal"",""#text"":""1""},{""@Name"":""ScriptBlockText"",""#text"":""write-output 'suspiciouscommand_lgDCQsWutA'""},{""@Name"":""ScriptBlockId"",""#text"":""98c6697c-6fc1-4edd-bfbd-a5b17d1ca6c3""},{""@Name"":""Path""}]}}"
83,658,1996-04-18 17:00:16.8906207,4104,Verbose,Microsoft-Windows-PowerShell,Microsoft-Windows-PowerShell/Operational,3508,3644,DESKTOP-18VQM18,0,S-1-5-21-2499541837-3295018831-3194739457-1002,Contains contents of scripts run,,,"Path: ",ScriptBlockText: write-output 'suspiciouscommand_QpvtTlMKuS',,,,,,False,c:\temp\5ac70fd089532de4e31b38d8a32d8c18_flash.evtx,0x0,0,"{""EventData"":{""Data"":[{""@Name"":""MessageNumber"",""#text"":""1""},{""@Name"":""MessageTotal"",""#text"":""1""},{""@Name"":""ScriptBlockText"",""#text"":""write-output 'suspiciouscommand_QpvtTlMKuS'""},{""@Name"":""ScriptBlockId"",""#text"":""bfe79bd7-6b67-4d10-ad97-63a39580d2c1""},{""@Name"":""Path""}]}}"
84,659,1996-04-18 17:00:16.9056497,4104,Verbose,Microsoft-Windows-PowerShell,Microsoft-Windows-PowerShell/Operational,3508,3644,DESKTOP-18VQM18,0,S-1-5-21-2499541837-3295018831-3194739457-1002,Contains contents of scripts run,,,"Path: ",ScriptBlockText: write-output 'suspiciouscommand_ExLzkPhMSJ',,,,,,False,c:\temp\5ac70fd089532de4e31b38d8a32d8c18_flash.evtx,0x0,0,"{""EventData"":{""Data"":[{""@Name"":""MessageNumber"",""#text"":""1""},{""@Name"":""MessageTotal"",""#text"":""1""},{""@Name"":""ScriptBlockText"",""#text"":""write-output 'suspiciouscommand_ExLzkPhMSJ'""},{""@Name"":""ScriptBlockId"",""#text"":""5be078dd-3698-43f1-8ad9-acc4b74647ed""},{""@Name"":""Path""}]}}"
85,660,1996-04-18 17:00:16.9211805,4104,Verbose,Microsoft-Windows-PowerShell,Microsoft-Windows-PowerShell/Operational,3508,3644,DESKTOP-18VQM18,0,S-1-5-21-2499541837-3295018831-3194739457-1002,Contains contents of scripts run,,,"Path: ",ScriptBlockText: write-output 'suspiciouscommand_qosxbfMYnk',,,,,,False,c:\temp\5ac70fd089532de4e31b38d8a32d8c18_flash.evtx,0x0,0,"{""EventData"":{""Data"":[{""@Name"":""MessageNumber"",""#text"":""1""},{""@Name"":""MessageTotal"",""#text"":""1""},{""@Name"":""ScriptBlockText"",""#text"":""write-output 'suspiciouscommand_qosxbfMYnk'""},{""@Name"":""ScriptBlockId"",""#text"":""01836e11-3db6-4136-b123-c8b8c8e54667""},{""@Name"":""Path""}]}}"
86,661,1996-04-18 17:00:16.9375168,4104,Verbose,Microsoft-Windows-PowerShell,Microsoft-Windows-PowerShell/Operational,3508,3644,DESKTOP-18VQM18,0,S-1-5-21-2499541837-3295018831-3194739457-1002,Contains contents of scripts run,,,"Path: ",ScriptBlockText: write-output 'suspiciouscommand_QPVxSXKMLW',,,,,,False,c:\temp\5ac70fd089532de4e31b38d8a32d8c18_flash.evtx,0x0,0,"{""EventData"":{""Data"":[{""@Name"":""MessageNumber"",""#text"":""1""},{""@Name"":""MessageTotal"",""#text"":""1""},{""@Name"":""ScriptBlockText"",""#text"":""write-output 'suspiciouscommand_QPVxSXKMLW'""},{""@Name"":""ScriptBlockId"",""#text"":""c67fdf8b-d76b-4b94-a706-f4a60486465b""},{""@Name"":""Path""}]}}"
87,662,1996-04-18 17:00:16.9533239,4104,Verbose,Microsoft-Windows-PowerShell,Microsoft-Windows-PowerShell/Operational,3508,3644,DESKTOP-18VQM18,0,S-1-5-21-2499541837-3295018831-3194739457-1002,Contains contents of scripts run,,,"Path: ",ScriptBlockText: write-output 'suspiciouscommand_zBHqdsJYny',,,,,,False,c:\temp\5ac70fd089532de4e31b38d8a32d8c18_flash.evtx,0x0,0,"{""EventData"":{""Data"":[{""@Name"":""MessageNumber"",""#text"":""1""},{""@Name"":""MessageTotal"",""#text"":""1""},{""@Name"":""ScriptBlockText"",""#text"":""write-output 'suspiciouscommand_zBHqdsJYny'""},{""@Name"":""ScriptBlockId"",""#text"":""93785b2f-5fef-4f36-b043-69daed90b1e7""},{""@Name"":""Path""}]}}"
88,663,1996-04-18 17:00:16.9691374,4104,Verbose,Microsoft-Windows-PowerShell,Microsoft-Windows-PowerShell/Operational,3508,3644,DESKTOP-18VQM18,0,S-1-5-21-2499541837-3295018831-3194739457-1002,Contains contents of scripts run,,,"Path: ",ScriptBlockText: write-output 'suspiciouscommand_aAULqkFBlO',,,,,,False,c:\temp\5ac70fd089532de4e31b38d8a32d8c18_flash.evtx,0x0,0,"{""EventData"":{""Data"":[{""@Name"":""MessageNumber"",""#text"":""1""},{""@Name"":""MessageTotal"",""#text"":""1""},{""@Name"":""ScriptBlockText"",""#text"":""write-output 'suspiciouscommand_aAULqkFBlO'""},{""@Name"":""ScriptBlockId"",""#text"":""cd1f0a20-14d5-4b3b-aa13-9a612cbf334f""},{""@Name"":""Path""}]}}"
89,664,1996-04-18 17:00:16.9732074,4104,Verbose,Microsoft-Windows-PowerShell,Microsoft-Windows-PowerShell/Operational,3508,3644,DESKTOP-18VQM18,0,S-1-5-21-2499541837-3295018831-3194739457-1002,Contains contents of scripts run,,,"Path: ",ScriptBlockText: prompt,,,,,,False,c:\temp\5ac70fd089532de4e31b38d8a32d8c18_flash.evtx,0x0,0,"{""EventData"":{""Data"":[{""@Name"":""MessageNumber"",""#text"":""1""},{""@Name"":""MessageTotal"",""#text"":""1""},{""@Name"":""ScriptBlockText"",""#text"":""prompt""},{""@Name"":""ScriptBlockId"",""#text"":""bbf13bda-1a56-42dc-8d25-6c52a859f391""},{""@Name"":""Path""}]}}"
